<?xml version="1.0" encoding="utf-8" ?>
<dwsync>
<file name="1.jpg" server="www.cssglobe.com/httpdocs/" local="128533282836554528" remote="128547494400000000" />
<file name="1s.jpg" server="www.cssglobe.com/httpdocs/" local="128534955399179680" remote="128547494400000000" />
<file name="2.jpg" server="www.cssglobe.com/httpdocs/" local="128533282719285904" remote="128547494400000000" />
<file name="2s.jpg" server="www.cssglobe.com/httpdocs/" local="128534955484960928" remote="128547494400000000" />
<file name="3.jpg" server="www.cssglobe.com/httpdocs/" local="128533283079503872" remote="128547494400000000" />
<file name="3s.jpg" server="www.cssglobe.com/httpdocs/" local="128534955588906240" remote="128547494400000000" />
<file name="4.jpg" server="www.cssglobe.com/httpdocs/" local="128534950355234368" remote="128547494400000000" />
<file name="4s.jpg" server="www.cssglobe.com/httpdocs/" local="128534955713593760" remote="128547494400000000" />
<file name="index.html" server="www.cssglobe.com/httpdocs/" local="128547480879947648" remote="128547494400000000" />
<file name="jquery.js" server="www.cssglobe.com/httpdocs/" local="128547474352051328" remote="128547494400000000" />
<file name="main.js" server="www.cssglobe.com/httpdocs/" local="128547493574821312" remote="128547494400000000" />
</dwsync>